route,flight_volume,mean_complexity,mean_dep_delay,mean_arr_delay,mean_buffer,mean_load_factor,mean_transfer_ratio,mean_hot_transfer_ratio,mean_ssr_total,hard_flight_ratio,cluster,cluster_name,pca1,pca2
ORD→BRU,15,0.8087734986664147,42.666666666666664,42.93333333333333,460.8,1.1475890985324948,0.6090359255464433,0.13554665838726107,181.0,0.9333333333333333,2,Standard Low-Stress Route,4.470861886249454,3.011685243592898
ORD→HNL,15,0.7879643096365971,15.533333333333333,21.0,59.6,1.2345911949685535,0.5135495733092346,0.07182696479769597,93.0,0.9333333333333333,1,Standard Low-Stress Route,3.0304974863303507,-0.424124902480469
ORD→GRU,15,0.7348994344547599,67.93333333333334,69.33333333333333,203.66666666666666,1.048637316561845,0.6070339031051859,0.08949718967110835,212.0,0.8,2,Standard Low-Stress Route,3.7650271457902647,4.0901207418104
ORD→GUA,4,0.7051948265954219,5.0,8.5,49.0,1.1400602409638554,0.2962500683447007,0.0,80.0,0.75,1,Standard Low-Stress Route,2.776438317431972,-1.0637421282147865
ORD→HND,18,0.6948085983549398,7.0,45.55555555555556,522.6666666666666,0.9977288609364082,0.6898748973832879,0.0877905092536892,93.0,0.5,2,Standard Low-Stress Route,2.2464782250479596,1.3763638642359797
ORD→NAS,4,0.6938216080949862,0.25,11.75,-0.75,1.4412650602409638,0.24548573152462425,0.06131084606013885,24.0,0.75,1,Standard Low-Stress Route,2.6223799521746565,-3.180782473110391
ORD→FRA,30,0.68971946744611,52.96666666666667,56.86666666666667,507.8666666666667,1.060482180293501,0.6222689375302976,0.007041706564396424,133.0,0.4666666666666667,2,Standard Low-Stress Route,3.2786638031143496,3.510878331637499
ORD→MSO,15,0.6733387714139187,0.4666666666666667,19.133333333333333,126.8,1.1143770613178972,0.521983190138373,0.24875676794057225,42.0,0.4,1,Standard Low-Stress Route,0.6925552133170064,-1.6430204921189209
ORD→MCO,85,0.6594773255912307,23.823529411764707,34.76470588235294,164.6,1.2651257898396917,0.3392139059515433,0.06258913071128698,69.17647058823529,0.29411764705882354,1,Standard Low-Stress Route,2.5847231069635,-0.6172125705794382
ORD→MYR,17,0.6544370165938483,18.823529411764707,23.823529411764707,165.88235294117646,1.2647818245110074,0.36956303886028596,0.027393103579691803,63.94117647058823,0.35294117647058826,1,Standard Low-Stress Route,2.566213569104584,-0.7112740957978849
ORD→MBJ,7,0.654009427948461,12.142857142857142,22.0,109.57142857142857,1.1247848537005163,0.42090799629021547,0.14585610211744462,33.0,0.2857142857142857,1,Standard Low-Stress Route,0.9982080214458066,-1.3207099062076402
ORD→EGE,5,0.6487545523278226,56.4,63.4,-2.2,1.1301587301587301,0.5055873029923663,0.0,14.0,0.2,1,Standard Low-Stress Route,0.6960997612814035,0.437766631970189
ORD→CDG,15,0.6421132113502842,55.0,55.733333333333334,272.0,1.058490566037736,0.3076688939987121,0.06959213759790492,90.0,0.26666666666666666,2,Standard Low-Stress Route,2.2716122957332674,1.59535843345298
ORD→PUJ,18,0.6380601939702254,3.7777777777777777,42.666666666666664,37.44444444444444,1.2653631284916202,0.20174870417661528,0.011898221383243944,61.0,0.16666666666666666,1,Standard Low-Stress Route,2.628668409675115,-1.9837892392356615
ORD→SJU,30,0.6294764535409758,18.366666666666667,22.666666666666668,265.3,1.1373761638733706,0.3701520954534399,0.0875078402734703,94.0,0.3,1,Standard Low-Stress Route,2.434036158642573,0.07505349632138718
ORD→ORF,29,0.6248771858338591,23.379310344827587,31.344827586206897,45.58620689655172,1.183822851376518,0.6068612116380582,0.012258930889001922,108.72413793103448,0.20689655172413793,1,Standard Low-Stress Route,2.12560096453555,0.4840641284704057
ORD→SEA,88,0.6231854304613695,26.045454545454547,33.45454545454545,137.6931818181818,1.1443024615451334,0.47195786534339085,0.09975620336366399,91.68181818181819,0.14772727272727273,1,Standard Low-Stress Route,1.8476270825374275,0.18639633193570418
ORD→PDX,71,0.6187016269814861,19.366197183098592,23.633802816901408,132.7887323943662,1.1182522868245348,0.5082974087168721,0.10589696340632004,85.43661971830986,0.1267605633802817,1,Standard Low-Stress Route,1.5584297239102451,-0.029354004017188892
ORD→CUN,30,0.615356155734359,6.933333333333334,14.633333333333333,44.93333333333333,1.3653631284916201,0.09893222467469777,0.013354355090461824,42.5,0.16666666666666666,1,Standard Low-Stress Route,2.7467651006787586,-2.5834871037492686
ORD→ATH,15,0.6137102084755243,15.933333333333334,23.933333333333334,71.0,1.0733752620545074,0.5468152397969377,0.0018667483103633467,143.0,0.0,1,Standard Low-Stress Route,2.4631556916572537,0.8841930359734914
ORD→AUA,4,0.6036612489851518,35.0,35.5,-39.75,1.2751396648044693,0.21957066749924323,0.17097395828530865,16.0,0.0,1,Standard Low-Stress Route,0.8696660321315086,-1.9639389357219488
ORD→FCA,29,0.603086403196569,36.275862068965516,42.55172413793103,178.31034482758622,1.146333300985077,0.5185388108123854,0.21224233779273752,47.793103448275865,0.13793103448275862,1,Standard Low-Stress Route,0.5914756509608338,-0.07775442929924646
ORD→BZN,40,0.602045652671005,27.825,29.65,269.15,1.1910444020660569,0.48194167418114314,0.09461209148919375,46.975,0.2,1,Standard Low-Stress Route,1.4499292472361915,-0.06724924853582137
ORD→BTV,29,0.5837930876267419,14.862068965517242,18.96551724137931,101.93103448275862,1.1624155736245474,0.6603017024827299,0.012432364959400841,58.06896551724138,0.10344827586206896,1,Standard Low-Stress Route,1.0780774450838155,-0.17086417699914283
ORD→MTJ,4,0.5795012587975505,0.0,16.0,437.75,1.2828947368421053,0.2437226337413841,0.20760507799647349,4.0,0.0,1,Standard Low-Stress Route,1.456430140472252,-2.3362010205077124
ORD→ANC,30,0.579317176325631,8.2,24.333333333333332,55.9,1.0543357788696686,0.6873278199846283,0.11008049103333056,76.0,0.1,0,Turnaround-Squeezed Hub Feeder,0.48069344110454687,-0.23373120057168323
ORD→SMF,45,0.5763131369871863,27.4,32.46666666666667,203.6888888888889,1.0646406931263228,0.6163320834112431,0.027906706884847976,96.33333333333333,0.13333333333333333,2,Standard Low-Stress Route,1.4882148181634387,1.1753844141013414
ORD→FAT,14,0.5751041052674583,62.285714285714285,56.785714285714285,174.0,1.0768379641013033,0.5964358437754657,0.01036448024025662,107.0,0.07142857142857142,2,Standard Low-Stress Route,1.606493718875695,2.552331719449799
ORD→ONT,15,0.5724910534063415,57.8,50.666666666666664,7.066666666666666,1.0023012685663288,0.3690942832378605,0.17971685931926332,108.0,0.2,2,Standard Low-Stress Route,0.873105166950911,1.218843987113472
ORD→LIR,4,0.5695786391489261,0.0,5.5,520.25,1.0726256983240223,0.17487243351605047,0.0,5.0,0.0,1,Standard Low-Stress Route,1.8272677948760294,-1.1206198159633878
ORD→SAN,75,0.5673364402598186,19.12,24.76,139.49333333333334,1.1349799735253863,0.34484478086724546,0.037465712235386604,64.4,0.10666666666666667,1,Standard Low-Stress Route,1.6008141203019302,-0.5152539154434101
ORD→SJO,4,0.5637295278213107,0.0,7.0,41.25,1.1822289156626506,0.18277005216909473,0.0,14.0,0.0,1,Standard Low-Stress Route,1.3148605591934395,-2.508764590857066
ORD→RAP,30,0.5622507912076955,16.033333333333335,24.966666666666665,107.86666666666666,1.0345914786967418,0.6277819390569379,0.17419176059825212,35.0,0.0,0,Turnaround-Squeezed Hub Feeder,-0.35156137860134523,-0.5629473346510961
ORD→MXP,15,0.5591870886088494,38.4,38.4,339.3333333333333,0.9884773662551442,0.6935437243678183,0.0,49.0,0.0,2,Standard Low-Stress Route,0.6008843847052532,1.8053472203788767
ORD→SFO,155,0.5587166497115237,22.412903225806453,29.561290322580646,142.99354838709678,1.136106121487091,0.2998849041080703,0.058864167309181425,74.48387096774194,0.10967741935483871,1,Standard Low-Stress Route,1.7131599433346418,-0.41625459162774014
ORD→LAX,155,0.5508752655658727,27.006451612903227,31.296774193548387,357.85806451612905,1.1036912313458138,0.304538958729405,0.07031386110330842,71.97419354838709,0.07096774193548387,1,Standard Low-Stress Route,1.8821744381851222,0.3394393659018221
ORD→SUN,7,0.5472523614606708,54.857142857142854,59.142857142857146,55.857142857142854,0.8469387755102041,0.40124479350485537,0.2558184584306875,5.0,0.0,0,Turnaround-Squeezed Hub Feeder,-1.588355603162444,0.23451557139629373
ORD→RDU,56,0.545471512767742,13.714285714285714,23.910714285714285,221.19642857142858,1.0548925073608004,0.49451060693221366,0.07249624630429184,48.92857142857143,0.05357142857142857,1,Standard Low-Stress Route,0.7202019232247836,-0.26711116075838304
ORD→DEN,148,0.5440536003762878,18.58108108108108,27.445945945945947,131.77027027027026,1.1201660391187074,0.35727220593928555,0.03454372426904757,69.48648648648648,0.13513513513513514,1,Standard Low-Stress Route,1.4654901550866588,-0.4253066100606067
ORD→ABQ,28,0.5421339963482612,29.678571428571427,29.678571428571427,32.82142857142857,0.9951388888888888,0.5658756773120331,0.1256481452867759,60.0,0.07142857142857142,0,Turnaround-Squeezed Hub Feeder,-0.10429278252769801,0.18453907332958075
ORD→FLL,48,0.5402812670969563,14.75,30.8125,251.875,1.1637670935137197,0.23365836859383596,0.036373469622914656,65.875,0.0625,1,Standard Low-Stress Route,2.028732311904156,-0.7092486527173059
ORD→BIL,15,0.5342951415767134,8.933333333333334,14.533333333333333,187.33333333333334,1.1772932330827068,0.7104092053002652,0.038074127916015575,24.0,0.13333333333333333,0,Turnaround-Squeezed Hub Feeder,0.3089050944512321,-0.6267371201606927
ORD→MUC,15,0.5323039577579496,28.4,29.266666666666666,695.3333333333334,0.9467764060356653,0.49146532461645315,0.08546499747080431,89.0,0.0,2,Standard Low-Stress Route,1.7494189336256682,2.248725391932982
ORD→ACK,4,0.5320464363717489,0.0,12.5,237.0,1.4214285714285713,0.06055863641002955,0.12049254924641915,2.0,0.0,1,Standard Low-Stress Route,1.9023570402046153,-3.428444434927676
ORD→TPA,45,0.531945526152377,29.177777777777777,31.622222222222224,94.6,1.160869175024119,0.2889354712696092,0.0429616597866808,83.0,0.022222222222222223,1,Standard Low-Stress Route,1.7276526131011298,-0.23010270435139593
ORD→PNS,15,0.5301762297762304,0.8,16.6,136.93333333333334,1.220994708994709,0.23446174792503563,0.025828159271253467,62.0,0.0,1,Standard Low-Stress Route,1.954989617689506,-1.7189049950195976
ORD→RSW,45,0.5289755435640654,19.266666666666666,26.933333333333334,160.88888888888889,1.079836014448857,0.34772485488013205,0.026630749202877772,97.0,0.044444444444444446,1,Standard Low-Stress Route,1.7693404880357562,0.1225135023393865
ORD→PWM,40,0.5288045271988188,22.1,27.3,33.5,1.175646105726163,0.46876372969653746,0.05355618779522623,57.025,0.025,1,Standard Low-Stress Route,0.8569993078953939,-0.6611859444846855
ORD→ASE,17,0.5283205072656026,142.88235294117646,156.23529411764707,100.58823529411765,0.9168067226890756,0.4396365006078439,0.11520629508528185,23.0,0.29411764705882354,2,Standard Low-Stress Route,-0.97032924167026,4.242307394570821
ORD→BCN,15,0.5282446587646831,48.13333333333333,51.4,314.6666666666667,0.9296218650516345,0.6017127666992726,0.00050125313283208,61.0,0.0,2,Standard Low-Stress Route,0.5138515972478441,2.2188628345591503
ORD→YVR,29,0.526513916925323,33.44827586206897,35.89655172413793,61.241379310344826,1.0849533367529065,0.3558238395890703,0.16989346278965559,75.41379310344827,0.034482758620689655,1,Standard Low-Stress Route,0.6344669733080173,-0.23685168889842192
ORD→AMS,17,0.5233045213754375,30.705882352941178,52.76470588235294,754.8823529411765,1.0128025077543146,0.6071622031775725,0.0,97.0,0.0,2,Standard Low-Stress Route,2.2285811671288065,2.8860156088205167
ORD→ILM,15,0.5220334514700279,10.733333333333333,16.933333333333334,-3.4,1.0192982456140351,0.4533088940263436,0.03803842626079492,16.0,0.13333333333333333,1,Standard Low-Stress Route,-0.2531489108862815,-1.264101284361397
ORD→MEX,15,0.5218423573183245,6.066666666666666,14.2,321.3333333333333,1.124888888888889,0.20393267879585636,0.0,139.0,0.0,1,Standard Low-Stress Route,3.2730555177666827,0.17195817261171964
ORD→OMA,72,0.5207849879704365,33.90277777777778,39.541666666666664,115.43055555555556,1.007388784957078,0.6923564158231529,0.11788532239303702,63.888888888888886,0.05555555555555555,0,Turnaround-Squeezed Hub Feeder,-0.21200536019104513,0.8588550951786957
ORD→JAC,29,0.5205661698428559,13.413793103448276,17.275862068965516,61.93103448275862,1.2071702244116036,0.5562303013451249,0.057544920327773315,49.41379310344828,0.034482758620689655,1,Standard Low-Stress Route,0.6877660031512364,-0.9308644292325868
ORD→SJC,14,0.5198525088067751,41.285714285714285,44.0,7.642857142857143,1.0733441011413876,0.558467903276153,0.05018910636560593,61.0,0.07142857142857142,0,Turnaround-Squeezed Hub Feeder,0.24294197213904925,0.5477773366402449
ORD→SLC,44,0.519391138695762,15.136363636363637,15.977272727272727,71.68181818181819,1.0732571845824859,0.5098293433736507,0.09274888914147796,73.3409090909091,0.022727272727272728,1,Standard Low-Stress Route,0.5861447054790523,-0.3702701233444576
ORD→IAD,90,0.5186853340153408,27.122222222222224,32.96666666666667,200.01111111111112,1.0489732269937113,0.4345998649001924,0.06403436227592511,82.0,0.011111111111111112,1,Standard Low-Stress Route,1.1109031526598463,0.5073170861383384
ORD→BOI,30,0.5181426999774374,26.066666666666666,33.233333333333334,74.1,1.127095516569201,0.47230759765350666,0.16743676582796085,44.0,0.06666666666666667,0,Turnaround-Squeezed Hub Feeder,0.0667059781048045,-0.7392199354445521
ORD→ROC,58,0.5151918504398189,18.724137931034484,25.43103448275862,116.96551724137932,1.0365376985132837,0.6574715724494943,0.10766809301846264,52.08620689655172,0.034482758620689655,0,Turnaround-Squeezed Hub Feeder,-0.16228753097137327,-0.0009117960058283131
ORD→DUB,14,0.5132079106360184,28.785714285714285,26.785714285714285,603.3571428571429,1.064030037824587,0.5441382652309631,0.0,47.0,0.0,2,Standard Low-Stress Route,1.4105971273986402,1.5271051913060372
ORD→SYR,41,0.5120590918223926,30.121951219512194,38.97560975609756,185.3170731707317,1.0198630723149338,0.6523148062289778,0.1042681224290219,38.80487804878049,0.07317073170731707,0,Turnaround-Squeezed Hub Feeder,-0.31740520505834785,0.49134434871134886
ORD→BWI,52,0.5114782131216389,17.346153846153847,25.26923076923077,151.23076923076923,1.0577172765948037,0.5083041837470292,0.07835241574161897,47.01923076923077,0.019230769230769232,1,Standard Low-Stress Route,0.2979544696821789,-0.33362170749809444
ORD→CLT,47,0.5099652273256817,20.914893617021278,37.829787234042556,204.0212765957447,0.9638350455133717,0.48019797763883176,0.07873323763898085,59.787234042553195,0.06382978723404255,1,Standard Low-Stress Route,0.32798984332283126,0.2929847941368213
ORD→YYC,30,0.5070648166258204,26.133333333333333,29.466666666666665,97.3,1.1397374903533617,0.409658990467137,0.0730830322659759,41.0,0.0,1,Standard Low-Stress Route,0.5296249326838707,-0.6324914328196102
ORD→PHL,69,0.5063305622340838,20.782608695652176,30.246376811594203,170.3768115942029,1.0772677821642005,0.45663789198846855,0.024456369619737604,61.231884057971016,0.043478260869565216,1,Standard Low-Stress Route,0.8831464612928756,0.002932719136099041
ORD→SNN,15,0.5049423585942867,41.0,42.733333333333334,187.86666666666667,0.9916666666666667,0.5133450792274525,0.08950927864960483,64.0,0.0,2,Standard Low-Stress Route,0.23970762790214944,1.0449047871262933
ORD→BUF,56,0.502859518831321,20.482142857142858,29.392857142857142,103.16071428571429,1.0297249474608967,0.6007542074779911,0.13604584271074827,55.660714285714285,0.03571428571428571,0,Turnaround-Squeezed Hub Feeder,-0.22754429398207626,-0.1096630091917941
ORD→IAH,160,0.5017844370162028,25.4125,30.75,94.80625,1.0928601606145252,0.3669628908473359,0.05337066289878467,97.325,0.05,1,Standard Low-Stress Route,1.3622509209603404,0.11987861991481352
ORD→SAT,34,0.5012528524234574,19.852941176470587,27.676470588235293,125.05882352941177,1.0157113714838086,0.4683060888983481,0.15110290556505962,51.44117647058823,0.029411764705882353,0,Turnaround-Squeezed Hub Feeder,-0.08583958029229884,-0.42101590418288737
ORD→FCO,15,0.4979149579918445,26.933333333333334,34.2,354.4,0.789937106918239,0.3516039106498697,0.06269467602172187,59.0,0.0,2,Standard Low-Stress Route,0.28567019056815307,1.1374244238004922
ORD→ZRH,15,0.4974196895280818,14.8,26.666666666666668,334.0,1.0914171656686626,0.5223544576821595,0.044790229942681954,57.0,0.0,1,Standard Low-Stress Route,0.9469495986293107,0.17770563645741155
ORD→CID,59,0.496969340384615,38.067796610169495,41.3728813559322,51.0,1.0346560907207576,0.8173257836780289,0.10564415216944775,28.305084745762713,0.06779661016949153,0,Turnaround-Squeezed Hub Feeder,-1.1570530208930476,0.6364396205021029
ORD→SAV,39,0.495912108534402,13.076923076923077,23.71794871794872,146.0,1.0615397839008542,0.36987308285468407,0.027649338636613122,47.15384615384615,0.05128205128205128,1,Standard Low-Stress Route,0.7023288843485684,-0.6883932419200208
ORD→BOS,121,0.495811183784262,18.214876033057852,24.578512396694215,88.79338842975207,1.0750626622275126,0.32870861855337336,0.017630278256142558,42.35537190082645,0.008264462809917356,1,Standard Low-Stress Route,0.6630296585028007,-0.7931518776478065
ORD→ALB,44,0.4944237253128115,24.454545454545453,33.40909090909091,69.81818181818181,0.9916919443552291,0.6573319186930094,0.043763066159277796,53.90909090909091,0.0,0,Turnaround-Squeezed Hub Feeder,-0.27289483425727756,0.41439711016162223
ORD→MSY,41,0.49284944903993283,23.146341463414632,28.853658536585368,325.3414634146341,0.9723020462482668,0.42298236950755286,0.056859568774691525,51.36585365853659,0.07317073170731707,1,Standard Low-Stress Route,0.5607589972098058,0.48785007030115957
ORD→JAX,38,0.49205055817496124,25.842105263157894,33.6578947368421,397.2631578947368,1.0487332231344615,0.4405143629117912,0.060999453559315735,41.3421052631579,0.07894736842105263,2,Standard Low-Stress Route,0.73265266410448,0.4651520098642702
ORD→TVC,66,0.4901104287703866,16.954545454545453,22.59090909090909,173.42424242424244,0.9539583150614988,0.7033845300313503,0.1250646280688606,39.42424242424242,0.10606060606060606,0,Turnaround-Squeezed Hub Feeder,-0.8104677144959334,0.18766536436735703
ORD→AUS,39,0.48952839848836033,2.2564102564102564,13.76923076923077,204.82051282051282,1.0142589925735919,0.32145327752792724,0.062423553414606,57.92307692307692,0.05128205128205128,1,Standard Low-Stress Route,0.7984280194859864,-0.8962772191997554
ORD→LAS,86,0.4877300646798547,18.337209302325583,24.267441860465116,71.56976744186046,1.0073033461636596,0.41309832719344913,0.1156995490973119,67.84883720930233,0.0,1,Standard Low-Stress Route,0.20335291091410493,-0.41653060245368445
ORD→MSP,99,0.4870578999735238,27.31313131313131,32.02020202020202,113.14141414141415,0.9938369121631782,0.6055683592968761,0.07029640415300607,75.78787878787878,0.04040404040404041,0,Turnaround-Squeezed Hub Feeder,0.10439697018070355,0.7123447952958045
ORD→RNO,15,0.48602508696425306,52.8,47.93333333333333,16.533333333333335,1.0576719576719578,0.43265212049632107,0.09314715371242357,54.0,0.0,0,Turnaround-Squeezed Hub Feeder,-0.04094717543404716,0.5697940882333198
ORD→MIA,33,0.4855390386945718,7.363636363636363,36.96969696969697,277.90909090909093,1.0745582635264266,0.2278783440233578,0.021179623903135072,43.18181818181818,0.0,1,Standard Low-Stress Route,1.2218925995979084,-0.9548728340651093
ORD→CLE,100,0.4841248787610063,20.18,24.97,113.75,1.0029333358468528,0.5858563998567096,0.12411932919905182,71.79,0.01,0,Turnaround-Squeezed Hub Feeder,-0.08136306840320562,0.17265068694492403
ORD→PHX,59,0.4827041626875887,12.627118644067796,18.576271186440678,158.71186440677965,0.9567133223738624,0.3614471920048988,0.0093486549694057,72.86440677966101,0.0,1,Standard Low-Stress Route,0.789894075231579,-0.03867703685268873
ORD→CHS,41,0.4826556762647588,15.170731707317072,21.390243902439025,105.73170731707317,1.1446111925340823,0.34175837835714123,0.054742009126249935,25.4390243902439,0.04878048780487805,1,Standard Low-Stress Route,0.43056437027781086,-1.3475458281067703
ORD→BGR,27,0.4803825315446424,8.925925925925926,18.85185185185185,35.407407407407405,1.0779866332497912,0.6557175641899495,0.0513858742483011,23.0,0.0,0,Turnaround-Squeezed Hub Feeder,-0.5844433771742998,-0.92405755845919
ORD→GEG,29,0.4793276324127016,16.655172413793103,26.655172413793103,29.06896551724138,1.0748249935182785,0.4171156542691664,0.22144662871714318,27.82758620689655,0.0,0,Turnaround-Squeezed Hub Feeder,-0.7235933829527667,-1.5543625355606367
ORD→MCI,80,0.4784384647711393,17.775,23.5,98.5875,1.0443117163069888,0.6278909775724096,0.0747441831445406,64.15,0.0125,0,Turnaround-Squeezed Hub Feeder,-0.017443221186134176,0.056083851847484704
ORD→ICT,51,0.47657009699577696,26.431372549019606,29.84313725490196,66.92156862745098,0.9845116058119154,0.6923364452303066,0.10105958211451938,32.431372549019606,0.0196078431372549,0,Turnaround-Squeezed Hub Feeder,-1.0292411289291508,0.1503179262618868
ORD→ROA,40,0.47649898329647744,36.675,51.225,123.525,0.9995902255639099,0.5571522446537311,0.20749690027904757,25.6,0.025,0,Turnaround-Squeezed Hub Feeder,-1.1351665209160555,-0.02012848826340682
ORD→EWR,148,0.46781903845052786,37.66216216216216,43.25675675675676,159.1689189189189,1.0724903572948266,0.2420324561143821,0.07416943164815286,66.08108108108108,0.013513513513513514,1,Standard Low-Stress Route,0.8843333876662673,0.08564560534812247
ORD→CMH,101,0.4666947663447632,28.346534653465348,36.98019801980198,70.73267326732673,0.9561647407343776,0.6339711653778349,0.11796261154082142,56.148514851485146,0.019801980198019802,0,Turnaround-Squeezed Hub Feeder,-0.7624491421220312,0.42987611843019446
ORD→MSN,81,0.4640223674326728,13.17283950617284,23.08641975308642,82.28395061728395,0.9763594170611715,0.6423459078268818,0.2895368489423992,19.641975308641975,0.012345679012345678,0,Turnaround-Squeezed Hub Feeder,-1.8585771720792899,-1.0868178212288186
ORD→FSD,56,0.4639097236350294,34.785714285714285,39.732142857142854,84.28571428571429,1.036689151620353,0.7102624433684148,0.12477878148700483,39.92857142857143,0.05357142857142857,0,Turnaround-Squeezed Hub Feeder,-0.9432652584084854,0.43561192300242413
ORD→GRR,88,0.46382901013722916,17.681818181818183,26.613636363636363,173.72727272727272,0.9974957229657655,0.718580420271186,0.18509218973377506,31.454545454545453,0.056818181818181816,0,Turnaround-Squeezed Hub Feeder,-1.2062398077485776,-0.14292457944989523
ORD→PIT,71,0.4636958480726084,12.366197183098592,22.591549295774648,542.112676056338,1.023557010658153,0.5208982528124567,0.17283594408206027,49.605633802816904,0.014084507042253521,2,Standard Low-Stress Route,0.35668854953623585,0.3410559965441066
ORD→FAI,15,0.461541504840939,13.066666666666666,24.6,29.2,0.978714859437751,0.7905342569827101,0.00507183770111276,99.0,0.0,0,Turnaround-Squeezed Hub Feeder,0.009765785920752328,0.8479706753604341
ORD→DSM,67,0.4586087435844804,19.492537313432837,21.880597014925375,56.014925373134325,1.0513563760146636,0.7663764037689623,0.03184494060361053,43.95522388059702,0.0,0,Turnaround-Squeezed Hub Feeder,-0.6299612869226603,0.15523628116336682
ORD→COS,29,0.4559651055480481,5.896551724137931,17.275862068965516,40.310344827586206,1.0379064111830336,0.5458334013718891,0.10843279582187276,51.10344827586207,0.0,0,Turnaround-Squeezed Hub Feeder,-0.4012899656984258,-0.9728000527091478
ORD→ELP,15,0.4540105901784978,14.066666666666666,21.2,53.333333333333336,0.9473684210526316,0.6168166083927848,0.09961014972276178,19.466666666666665,0.0,0,Turnaround-Squeezed Hub Feeder,-1.3011025929182003,-0.5883587029179888
ORD→LHR,45,0.45085637906879,59.22222222222222,52.333333333333336,496.3333333333333,1.056154357950765,0.3642009121972529,0.03544900658564516,62.333333333333336,0.0,2,Standard Low-Stress Route,1.1649441085761754,2.1355787707129235
ORD→EAU,26,0.4499331605329275,35.30769230769231,41.76923076923077,50.73076923076923,0.9346153846153846,0.48815494713753194,0.11778254972629279,18.153846153846153,0.038461538461538464,0,Turnaround-Squeezed Hub Feeder,-1.2720041995047633,-0.08445287945475906
ORD→DTW,96,0.44712502330953047,21.625,26.510416666666668,158.45833333333334,0.9787661621256686,0.7029271189173124,0.06988127051246552,46.229166666666664,0.0,0,Turnaround-Squeezed Hub Feeder,-0.7155435649939852,0.48004178219004573
ORD→FNT,45,0.44682697459226267,23.333333333333332,29.711111111111112,67.6,1.0204444444444445,0.5758798606010187,0.08504043169245606,71.33333333333333,0.0,0,Turnaround-Squeezed Hub Feeder,-0.18505592844668853,0.19515792457220316
ORD→LGA,188,0.4465643561481513,19.98404255319149,27.70744680851064,101.31382978723404,1.0448479873772198,0.20480405448584835,0.05574977824832904,54.06382978723404,0.0,1,Standard Low-Stress Route,0.5819551877247079,-0.8552381283620237
ORD→DFW,73,0.4456213525482502,22.10958904109589,28.0,100.17808219178082,1.0466514988004143,0.3204223304327984,0.09457080277847783,71.83561643835617,0.0273972602739726,1,Standard Low-Stress Route,0.4575095215137909,-0.41629449953466907
ORD→YWG,30,0.44387992329956066,23.233333333333334,24.4,64.66666666666667,0.9658395989974937,0.7010440251542174,0.033539222322892734,33.0,0.0,0,Turnaround-Squeezed Hub Feeder,-1.0276694639322508,0.27068624313949863
ORD→FAR,54,0.44353992595909053,24.814814814814813,28.12962962962963,78.25925925925925,1.0126984126984127,0.6103867119438474,0.05267513648597008,23.333333333333332,0.037037037037037035,0,Turnaround-Squeezed Hub Feeder,-0.8901395170333074,-0.1318841095687675
ORD→JST,15,0.4414276225763478,21.4,24.066666666666666,49.2,0.6706666666666667,0.35055292130649185,0.18657401028820578,19.0,0.13333333333333333,0,Turnaround-Squeezed Hub Feeder,-2.0944033409256497,-0.3757050051610946
ORD→HSV,29,0.43844852292931213,54.89655172413793,61.58620689655172,81.65517241379311,0.880560020741509,0.6686315809562536,0.038407232442478956,26.17241379310345,0.034482758620689655,0,Turnaround-Squeezed Hub Feeder,-1.469890331459963,1.6038347854674637
ORD→OKC,53,0.437211851220204,18.433962264150942,27.9811320754717,35.83018867924528,1.0233792027237907,0.6986393410428527,0.0696611930152105,18.339622641509433,0.018867924528301886,0,Turnaround-Squeezed Hub Feeder,-1.2758861278238185,-0.4347074010906368
ORD→EDI,15,0.43697891658749605,50.8,42.333333333333336,38.86666666666667,1.0446969696969697,0.5708852838175228,0.0,69.0,0.0,0,Turnaround-Squeezed Hub Feeder,-0.021924633531071578,1.3065278750558191
ORD→LEX,59,0.43696075848578064,23.203389830508474,29.11864406779661,38.440677966101696,0.9931005479801198,0.7333620308870112,0.11065295251197962,22.220338983050848,0.0,0,Turnaround-Squeezed Hub Feeder,-1.5550080354616411,-0.14854867357635054
ORD→SBN,88,0.43664281358565715,44.125,48.42045454545455,89.48863636363636,0.9274043062200956,0.6757205309282177,0.18859030207110886,33.51136363636363,0.045454545454545456,0,Turnaround-Squeezed Hub Feeder,-1.7484081783751937,0.7734434454974671
ORD→RHI,29,0.43642706566300954,21.79310344827586,25.82758620689655,252.55172413793105,1.0517241379310345,0.5289198352937283,0.028573049435336447,20.344827586206897,0.034482758620689655,0,Turnaround-Squeezed Hub Feeder,-0.23502934221108487,-0.06615491527203578
ORD→RIC,45,0.43252393331174566,29.68888888888889,39.044444444444444,73.84444444444445,1.0899832289335565,0.6108143482119123,0.02140387272545131,41.333333333333336,0.022222222222222223,0,Turnaround-Squeezed Hub Feeder,-0.34014056739863296,0.13714987136279552
ORD→JLN,15,0.4319278270569367,69.06666666666666,68.93333333333334,479.3333333333333,0.904,0.5782188387859525,0.02415899110482737,22.0,0.13333333333333333,2,Standard Low-Stress Route,-0.5156796838220393,2.8819830830812414
ORD→KEF,15,0.4305866329974093,35.6,28.733333333333334,81.0,0.9696969696969696,0.689624234334151,0.07550740942890381,76.0,0.0,0,Turnaround-Squeezed Hub Feeder,-0.5880075621614284,1.1682286157673347
ORD→SNA,30,0.4304559353080054,16.333333333333332,22.566666666666666,31.333333333333332,1.1981481481481482,0.27112328562745724,0.021599834436932787,44.0,0.0,1,Standard Low-Stress Route,0.6973347734975995,-1.4906236816701126
ORD→GSP,29,0.4302923319506158,11.344827586206897,18.79310344827586,25.896551724137932,1.0362198599948145,0.3911648966075995,0.17686594523731614,23.17241379310345,0.0,0,Turnaround-Squeezed Hub Feeder,-0.9720356821861037,-1.6713888835042254
ORD→ATW,85,0.4296496264334973,20.75294117647059,25.741176470588236,80.07058823529412,1.0261176470588236,0.6170683836736854,0.11453611846914086,19.023529411764706,0.011764705882352941,0,Turnaround-Squeezed Hub Feeder,-1.2242945506195293,-0.5342683842498029
ORD→GRB,84,0.42877719775571843,18.595238095238095,25.535714285714285,147.08333333333334,1.0334013605442176,0.6292664295543661,0.1273725307527396,23.083333333333332,0.03571428571428571,0,Turnaround-Squeezed Hub Feeder,-1.0770416934647666,-0.4269175315008663
ORD→BDL,54,0.42739581988620395,19.814814814814813,25.75925925925926,179.11111111111111,1.0572480770571377,0.5393746742477956,0.04770794822409639,48.31481481481482,0.0,0,Turnaround-Squeezed Hub Feeder,-0.0787447197549374,-0.03007851259713985
ORD→CVG,91,0.4220663874566324,11.923076923076923,21.175824175824175,53.43956043956044,0.9836479731479278,0.6533909211702748,0.10683319023829917,32.94505494505494,0.02197802197802198,0,Turnaround-Squeezed Hub Feeder,-1.2615734054636267,-0.5563696999401992
ORD→YOW,44,0.4216097753239704,11.840909090909092,22.318181818181817,26.522727272727273,1.0166233766233768,0.713101918791465,0.06514345049093272,26.613636363636363,0.0,0,Turnaround-Squeezed Hub Feeder,-1.2713334093905662,-0.5541283472135574
ORD→SGF,51,0.42104477246682004,22.294117647058822,34.509803921568626,63.09803921568628,1.0521568627450981,0.7253318268322619,0.11109796755562502,19.07843137254902,0.0,0,Turnaround-Squeezed Hub Feeder,-1.4382820286531808,-0.3478820761957064
ORD→MDT,59,0.41950822207661204,21.050847457627118,29.406779661016948,159.52542372881356,0.9955098427445765,0.6044757517580139,0.15459159145282272,36.76271186440678,0.01694915254237288,0,Turnaround-Squeezed Hub Feeder,-1.0827578660041048,-0.1577267985612033
ORD→TUL,62,0.4189188510997751,14.64516129032258,30.774193548387096,72.20967741935483,1.0277892311423722,0.7278904321859219,0.09778168250436489,27.822580645161292,0.016129032258064516,0,Turnaround-Squeezed Hub Feeder,-1.3060934276081946,-0.4039299057133606
ORD→ECP,11,0.4170739162332421,7.363636363636363,12.181818181818182,39.63636363636363,1.1064593301435406,0.3215981292086428,0.04344838803180429,19.0,0.0,1,Standard Low-Stress Route,-0.19522427195081424,-1.828013158551201
ORD→CRW,44,0.4163008452779115,24.704545454545453,33.95454545454545,122.13636363636364,1.0277272727272726,0.5944206848028729,0.13245581019671634,29.5,0.0,0,Turnaround-Squeezed Hub Feeder,-1.090448370100181,-0.25255908326603266
ORD→YUL,45,0.41617474945070804,10.733333333333333,19.733333333333334,66.31111111111112,1.0170242876266973,0.4564397895124216,0.10560483091903451,34.333333333333336,0.0,0,Turnaround-Squeezed Hub Feeder,-0.7284823843732925,-1.070695119589508
ORD→STL,117,0.4160724400562493,32.21367521367522,36.034188034188034,66.1880341880342,1.0561804599027174,0.7756219963765415,0.050439350825074204,29.23931623931624,0.03418803418803419,0,Turnaround-Squeezed Hub Feeder,-1.2023982414735896,0.4311026676728852
ORD→TYS,52,0.41596030503759696,20.692307692307693,26.78846153846154,74.63461538461539,0.9906963055615561,0.5544954126600112,0.07875578081261286,27.78846153846154,0.0,0,Turnaround-Squeezed Hub Feeder,-1.0324771251538003,-0.38698339895746237
ORD→SUX,17,0.41103808268500547,41.294117647058826,88.29411764705883,73.23529411764706,0.7929411764705883,0.5930343139854442,0.056479069618834546,28.0,0.0,0,Turnaround-Squeezed Hub Feeder,-1.7680878118995385,1.0978574136293855
ORD→MBS,45,0.410452735781597,20.466666666666665,26.555555555555557,103.77777777777777,0.944,0.6993410118861157,0.11716871214695893,41.333333333333336,0.022222222222222223,0,Turnaround-Squeezed Hub Feeder,-1.3945029460978087,0.18206873551309707
ORD→AVL,36,0.4103625570946246,25.25,32.30555555555556,183.69444444444446,1.0060818713450292,0.6236153031785718,0.06608783654027307,15.63888888888889,0.0,0,Turnaround-Squeezed Hub Feeder,-1.093204793969844,0.05457477461292004
ORD→MLI,59,0.41016077333907747,25.728813559322035,31.016949152542374,230.72881355932202,0.9999464763603925,0.7231228984533902,0.09153890257597934,29.10169491525424,0.01694915254237288,0,Turnaround-Squeezed Hub Feeder,-1.1188664937515655,0.5220612622892362
ORD→PIA,59,0.40933600659094377,29.93220338983051,35.32203389830509,50.3728813559322,1.0210169491525425,0.561387360641108,0.11004577432633852,24.728813559322035,0.03389830508474576,0,Turnaround-Squeezed Hub Feeder,-1.2339805923003535,-0.285510338057545
ORD→DCA,153,0.40731994961971274,18.45098039215686,27.601307189542485,252.4640522875817,0.8129171900799588,0.3582622734806942,0.11617372341892397,33.86274509803921,0.0,0,Turnaround-Squeezed Hub Feeder,-0.943202958658426,0.011880308573902388
ORD→DAY,63,0.4066277611652767,17.142857142857142,26.063492063492063,50.666666666666664,0.9836424394319131,0.8374199738350361,0.05087549549259963,20.015873015873016,0.0,0,Turnaround-Squeezed Hub Feeder,-1.738008733362588,0.02441123039100252
ORD→SRQ,15,0.40489931061424467,9.733333333333333,18.466666666666665,263.0,1.0501167568206673,0.31405347126271005,0.007267185691348326,57.2,0.0,1,Standard Low-Stress Route,0.7197083476341021,-0.46447530822061156
ORD→XNA,54,0.4040818052833501,15.833333333333334,26.333333333333332,42.388888888888886,1.057037037037037,0.6609632072124434,0.10226689916793054,16.77777777777778,0.018518518518518517,0,Turnaround-Squeezed Hub Feeder,-1.4096205764063885,-0.8138414692697648
ORD→LIT,41,0.39843650881496867,17.048780487804876,27.21951219512195,36.390243902439025,0.9858536585365854,0.6219549936554031,0.1438630723642277,23.097560975609756,0.0,0,Turnaround-Squeezed Hub Feeder,-1.6710248242973618,-0.7071927754807797
ORD→SCE,54,0.3983428485620515,10.24074074074074,19.40740740740741,38.111111111111114,0.9762962962962963,0.6486145031529914,0.12118500748429563,15.722222222222221,0.0,0,Turnaround-Squeezed Hub Feeder,-1.7553661127133409,-0.9114776156102491
ORD→CAK,59,0.3979535001670915,32.94915254237288,34.74576271186441,160.4406779661017,0.9715050337708678,0.6129122745282787,0.11808508991271026,25.64406779661017,0.01694915254237288,0,Turnaround-Squeezed Hub Feeder,-1.375108414631213,0.3433850717229952
ORD→ATL,59,0.39791425110746403,16.16949152542373,23.915254237288135,167.10169491525423,0.9955438366249683,0.35731172572255493,0.027758379802611276,82.83050847457628,0.01694915254237288,1,Standard Low-Stress Route,0.5111255564811434,0.04547824752216569
ORD→FWA,58,0.39650683084097704,31.689655172413794,38.08620689655172,63.93103448275862,0.952540834845735,0.5555415375766493,0.10255726019789678,23.24137931034483,0.034482758620689655,0,Turnaround-Squeezed Hub Feeder,-1.4921303312291632,-0.009415296598634266
ORD→YYZ,102,0.3962894747196689,19.69607843137255,26.676470588235293,121.01960784313725,1.0471184878678486,0.3484847800372647,0.09093083988992563,38.794117647058826,0.0,0,Turnaround-Squeezed Hub Feeder,-0.32618819965150736,-0.8148327901519885
ORD→SLN,15,0.39561003827733804,39.0,42.4,140.93333333333334,0.872,0.4773541377735897,0.008581752484191492,33.0,0.0,0,Turnaround-Squeezed Hub Feeder,-0.9652172334828236,0.8981139444279227
ORD→CMX,41,0.3950715307822803,20.21951219512195,28.536585365853657,105.92682926829268,0.968780487804878,0.47742552286087414,0.09833982164399876,23.0,0.0,0,Turnaround-Squeezed Hub Feeder,-1.1509779791128534,-0.5530764657746604
ORD→IND,104,0.38883896764728365,28.932692307692307,35.00961538461539,57.60576923076923,0.8463592010926159,0.6847369620026599,0.10482052255209845,27.25,0.0,0,Turnaround-Squeezed Hub Feeder,-2.0960378600543876,0.48211974616622805
ORD→CIU,15,0.38797937472993843,7.0,17.8,197.73333333333332,0.8866666666666667,0.4709281783909212,0.06109333139564434,22.0,0.0,0,Turnaround-Squeezed Hub Feeder,-1.0887667754545298,-0.5327096715418205
ORD→PLN,30,0.38775710782367195,25.933333333333334,32.666666666666664,274.3,1.0033333333333334,0.408043707511999,0.08658970251841176,42.0,0.0,0,Turnaround-Squeezed Hub Feeder,-0.292308082622585,0.11274166276725063
ORD→MCW,25,0.38368332026986623,19.76,28.48,210.24,0.47119999999999995,0.5597612695712777,0.011178260869565216,16.72,0.04,0,Turnaround-Squeezed Hub Feeder,-2.5504042713634054,1.4021677914317099
ORD→TUS,15,0.3807926548429458,6.066666666666666,13.533333333333333,228.06666666666666,1.019624060150376,0.4942656357833337,0.032126749371619384,41.0,0.0,0,Turnaround-Squeezed Hub Feeder,-0.28711310187069344,-0.4970267325264406
ORD→MKE,100,0.3799859751572917,34.19,40.75,102.44,0.9192947368421052,0.6283670286974171,0.14691496685283487,20.68,0.0,0,Turnaround-Squeezed Hub Feeder,-1.9857414952384604,0.2756616489154707
ORD→YQB,15,0.37899719991632996,7.266666666666667,14.533333333333333,33.333333333333336,1.0359649122807018,0.4640868168816818,0.14440007389302784,19.0,0.0,0,Turnaround-Squeezed Hub Feeder,-1.3347078069161504,-1.6333895717894271
ORD→MTY,14,0.3789628164166041,7.357142857142857,15.5,603.4285714285714,1.0433941997851772,0.11505868219600887,0.07816333215102891,48.0,0.07142857142857142,1,Standard Low-Stress Route,1.230774641328693,-0.42497156224954113
ORD→FOD,26,0.3787538827385419,5.884615384615385,23.846153846153847,137.76923076923077,0.3646153846153846,0.534567030059286,0.033888170652876526,23.03846153846154,0.07692307692307693,0,Turnaround-Squeezed Hub Feeder,-2.9571078763840224,0.9364971261994671
ORD→SDF,55,0.3760522243627182,12.8,22.509090909090908,101.96363636363637,0.8794258373205742,0.6807209925011304,0.1048133791505156,21.818181818181817,0.0,0,Turnaround-Squeezed Hub Feeder,-1.9927597963931027,-0.20167383073477868
ORD→MEM,58,0.37270669277404833,19.103448275862068,26.137931034482758,82.44827586206897,0.9113027737261988,0.5913368055568933,0.09588851202892343,45.44827586206897,0.0,0,Turnaround-Squeezed Hub Feeder,-1.3945943090565274,0.026744311711037656
ORD→MGW,15,0.37153833298380573,43.4,44.266666666666666,51.8,0.6586666666666667,0.4030541585716479,0.15377404632805367,9.0,0.0,0,Turnaround-Squeezed Hub Feeder,-2.7521609063940446,0.568802659151858
ORD→LNK,60,0.36924661638935946,35.96666666666667,42.45,28.816666666666666,1.0043333333333333,0.5259841694000976,0.09953070159573008,28.0,0.0,0,Turnaround-Squeezed Hub Feeder,-1.4256035937020572,-0.08278287751034547
ORD→BNA,90,0.35493704784805885,19.644444444444446,27.8,72.4888888888889,0.9186774313963045,0.4743703984109669,0.06831522867381988,25.61111111111111,0.0,0,Turnaround-Squeezed Hub Feeder,-1.4533007810008218,-0.4285438470597126
ORD→GSO,29,0.35370704208647097,46.44827586206897,54.310344827586206,47.62068965517241,0.9642727508426238,0.5196919305879496,0.08052826443603313,28.75862068965517,0.034482758620689655,0,Turnaround-Squeezed Hub Feeder,-1.5497810875245772,0.5227946743196616
ORD→CHO,31,0.3518699595430959,16.774193548387096,33.064516129032256,141.19354838709677,1.0045161290322582,0.5175817082284505,0.11899390574060133,19.0,0.0,0,Turnaround-Squeezed Hub Feeder,-1.42846612037084,-0.7305155253790012
ORD→CHA,43,0.346636324644265,32.55813953488372,41.95348837209303,78.0,0.9506976744186048,0.5802962018795571,0.06689715244013204,17.697674418604652,0.0,0,Turnaround-Squeezed Hub Feeder,-1.7658311278433307,0.12888870657127818
ORD→DLH,45,0.3413941319342729,13.088888888888889,24.68888888888889,76.95555555555555,0.9817426900584795,0.7214221883219059,0.060971198410987734,30.0,0.0,0,Turnaround-Squeezed Hub Feeder,-1.709383753521492,-0.23991349624001349
ORD→AVP,28,0.3399492343880149,7.571428571428571,16.428571428571427,61.5,0.9735714285714285,0.6977201632977488,0.1307710530112509,23.5,0.0,0,Turnaround-Squeezed Hub Feeder,-2.0703676921046035,-0.7927452299537272
ORD→PVD,30,0.3365875236237698,12.933333333333334,19.0,73.86666666666666,1.0124310776942356,0.5309837362449781,0.005406735793732693,18.5,0.0,0,Turnaround-Squeezed Hub Feeder,-1.2167826733082292,-0.7440751601527461
ORD→BHM,30,0.31575160060578367,21.566666666666666,29.0,36.233333333333334,0.9826666666666667,0.6075894914242512,0.033259596205879614,16.5,0.0,0,Turnaround-Squeezed Hub Feeder,-1.8343783777664469,-0.3654267249293902
ORD→ABE,29,0.3066121369034591,19.344827586206897,26.724137931034484,74.86206896551724,0.95064039408867,0.5585226134015608,0.09650068178354082,19.689655172413794,0.0,0,Turnaround-Squeezed Hub Feeder,-1.9977899834341981,-0.5079381436846939
ORD→CAE,30,0.30169691082017724,50.03333333333333,60.63333333333333,47.2,0.9973333333333334,0.4784140511614922,0.09093323646981769,20.0,0.03333333333333333,0,Turnaround-Squeezed Hub Feeder,-1.8498968680518997,0.32360090406580344
ORD→DEC,26,0.2640593602742169,16.846153846153847,22.192307692307693,231.34615384615384,0.3538461538461538,0.5774572748400766,0.0010989010989010963,20.384615384615383,0.0,0,Turnaround-Squeezed Hub Feeder,-3.5226571365768238,1.7345325333749724
ORD→LAF,17,0.2418754427796399,57.11764705882353,61.05882352941177,20.294117647058822,0.3517647058823529,0.4299261436372163,0.11419484014639722,13.411764705882353,0.0,0,Turnaround-Squeezed Hub Feeder,-4.455447861895938,2.0410076384724665
