Feature,Mean_Absolute_SHAP
passenger_complexity_score,2.772434905641558
bag_complexity_score,0.8593438792947181
delay_complexity_score,0.23557658432477172
child_ratio,0.11529111393485693
stroller_ratio,0.04479482589511236
transfer_ratio,0.04420736590815328
ssr_total,0.03194573670761829
basic_economy_ratio,0.026650388865564645
arrival_delay,0.02631470374583483
total_bags,0.025641072138879645
departure_delay,0.025286263809989967
pressure_on_staff,0.021681279054497817
hot_transfer_ratio,0.02068671537496638
load_factor,0.019044037648252014
buffer_minutes,0.018631096242119564
ssr_airport_wheelchair,0.01835713874277535
flightfly_delay,0.017701709805615532
ground_time_deviation,0.016299314267991312
ground_time_utilization,0.015911916694556362
scheduled_dep_hour,0.015891557447707566
route_flight_count,0.01585478992696376
bags_per_pax,0.01579173338044713
dest_avg_delay,0.01571697888140507
turnaround_tightness_ratio,0.012060590032087613
total_pax,0.010358033746923472
scheduled_dep_dayofweek,0.00840672411906879
scheduled_ground_time_minutes,0.008203559546817316
num_hot_transfer_bags,0.006792356153191591
ssr_unaccompanied_minor,0.0047917458785007765
fleet_type_A320-200,0.003068635880249825
fleet_type_CRJ-550,0.002385393719218769
total_seats,0.0018360749010596846
fleet_type_ERJ-175,0.0016223377816932541
departure_time_of_day_Afternoon,0.0014821797298289249
minimum_turn_minutes,0.001461955756731108
fleet_type_CRJ-200,0.0013179396984782821
fleet_type_A319-100,0.0006176563663689414
fleet_type_B737-MAX9,0.0005936248577517503
company_id_YX,0.0003961105395712972
fleet_type_B737-700,0.0003388260801892152
company_id_OO,0.0003203380272946012
is_international,0.00028731798794052733
departure_time_of_day_Evening,0.00020144131327271385
fleet_type_B737-900,0.00016945211668296237
fleet_type_B737-800,0.00013255575618860167
is_weekend,0.000132118219377247
turnaround_risk,0.00011978374734243205
fleet_type_A321-2NX,8.446321112866093e-05
fleet_type_B737-MAX8,7.890672052462516e-05
departure_time_of_day_Morning,5.076355973669908e-05
fleet_type_B787-10,8.7434058535508e-07
origin_avg_delay,0.0
carrier_Mainline,0.0
company_id_G7,0.0
company_id_UA,0.0
carrier_Express,0.0
fleet_type_B757-200,0.0
fleet_type_B787-9,0.0
fleet_type_B787-8,0.0
fleet_type_B777-2HD,0.0
fleet_type_B767-400,0.0
fleet_type_B757-300,0.0
fleet_type_B767-300,0.0
fleet_type_ERJ-170,0.0
departure_time_of_day_Night,0.0
